City_ID,City,Country,Lat,Lng,Max Temp,Humidity,Cloudiness,Wind Speed,Current Description,Date
0,Zaraza,VE,9.3503,-65.3245,75.33,77,4,9.71,clear sky,2022-02-05 01:39:04
1,Benguela,AO,-12.5763,13.4055,73.94,73,100,4.94,overcast clouds,2022-02-05 01:36:40
2,Tasiilaq,GL,65.6145,-37.6368,24.96,69,100,42.73,overcast clouds,2022-02-05 01:34:37
3,Qaanaaq,GL,77.484,-69.3632,1.17,70,100,6.51,overcast clouds,2022-02-05 01:34:47
4,Bethel,US,41.3712,-73.414,31.5,84,100,8.05,overcast clouds,2022-02-05 01:39:05
5,Dryden,CA,49.7833,-92.7503,-3.71,71,0,5.75,clear sky,2022-02-05 01:39:05
6,Rikitea,PF,-23.1203,-134.9692,79.05,68,4,7.18,clear sky,2022-02-05 01:39:06
7,Bogorodskoye,RU,56.55,37.8833,0.41,100,99,1.66,overcast clouds,2022-02-05 01:39:06
8,Cape Town,ZA,-33.9258,18.4232,65.88,67,0,5.01,clear sky,2022-02-05 01:37:51
9,Hermanus,ZA,-34.4187,19.2345,63.81,70,1,18.03,clear sky,2022-02-05 01:39:07
10,Atuona,PF,-9.8,-139.0333,78.37,77,25,15.9,scattered clouds,2022-02-05 01:39:07
11,Masuguru,TZ,-11.3667,38.4167,72.09,95,100,4.79,light rain,2022-02-05 01:39:08
12,Cordoba,AR,-31.4135,-64.1811,64.6,74,0,8.05,clear sky,2022-02-05 01:38:26
13,Saint George,US,37.1041,-113.5841,48.79,21,0,8.05,clear sky,2022-02-05 01:38:20
14,Port Elizabeth,ZA,-33.918,25.5701,68.09,82,75,4.61,broken clouds,2022-02-05 01:38:26
15,Vaini,TO,-21.2,-175.2,78.96,94,100,17.27,overcast clouds,2022-02-05 01:37:47
16,Ostrovnoy,RU,68.0531,39.5131,12.63,86,100,21.36,overcast clouds,2022-02-05 01:39:09
17,Dikson,RU,73.5069,80.5464,-1.34,93,100,5.73,overcast clouds,2022-02-05 01:35:32
18,Kapaa,US,22.0752,-159.319,79.12,79,40,1.01,light rain,2022-02-05 01:39:09
19,Hilo,US,19.7297,-155.09,78.53,79,100,9.22,overcast clouds,2022-02-05 01:37:07
20,Plavinas,LV,56.6178,25.7255,28.78,96,100,10.89,snow,2022-02-05 01:39:10
21,Punta Arenas,CL,-53.15,-70.9167,50.11,66,0,2.3,clear sky,2022-02-05 01:36:04
22,Norman Wells,CA,65.282,-126.8329,-7.56,64,75,21.85,broken clouds,2022-02-05 01:39:02
23,Tuatapere,NZ,-46.1333,167.6833,59.83,52,30,7.78,scattered clouds,2022-02-05 01:39:10
24,Olinda,BR,-8.0089,-34.8553,82.13,65,40,6.91,scattered clouds,2022-02-05 01:39:11
25,Saint-Philippe,RE,-21.3585,55.7679,81.99,89,100,25.64,moderate rain,2022-02-05 01:39:11
26,Port Alfred,ZA,-33.5906,26.891,68.86,81,94,8.63,light rain,2022-02-05 01:38:02
27,Ushuaia,AR,-54.8,-68.3,49.66,66,0,12.66,clear sky,2022-02-05 01:34:35
28,Busselton,AU,-33.65,115.3333,85.95,30,14,6.62,few clouds,2022-02-05 01:36:37
29,Avera,US,33.194,-82.5271,53.47,83,100,14.25,overcast clouds,2022-02-05 01:37:06
30,Polovinnoye,RU,54.7914,65.9864,20.68,81,100,10.49,overcast clouds,2022-02-05 01:39:12
31,Manaus,BR,-3.1019,-60.025,75.69,100,75,1.14,light rain,2022-02-05 01:39:12
32,Sola,VU,-13.8833,167.55,82.51,77,100,21.65,overcast clouds,2022-02-05 01:39:13
33,Mataura,NZ,-46.1927,168.8643,59.49,37,10,3.56,clear sky,2022-02-05 01:39:13
34,Albany,US,42.6001,-73.9662,17.64,85,100,1.01,overcast clouds,2022-02-05 01:34:49
35,Los Llanos De Aridane,ES,28.6585,-17.9182,60.55,80,0,7.0,clear sky,2022-02-05 01:39:14
36,Malaya Vishera,RU,58.8454,32.2222,8.74,94,90,9.31,overcast clouds,2022-02-05 01:39:14
37,Carnarvon,AU,-24.8667,113.6333,100.47,13,11,14.97,few clouds,2022-02-05 01:35:31
38,Sovetskiy,RU,61.3614,63.5842,5.52,96,100,1.1,overcast clouds,2022-02-05 01:39:15
39,Georgetown,MY,5.4112,100.3354,80.89,88,20,1.01,few clouds,2022-02-05 01:35:25
40,Sioux Lookout,CA,50.1001,-91.917,-3.62,83,0,2.3,clear sky,2022-02-05 01:39:15
41,Fort Walton Beach,US,30.4058,-86.6188,43.14,92,100,7.0,overcast clouds,2022-02-05 01:37:15
42,Half Moon Bay,US,37.4636,-122.4286,61.29,59,0,6.91,haze,2022-02-05 01:39:16
43,Lagoa,PT,39.05,-27.9833,57.78,83,74,19.6,broken clouds,2022-02-05 01:35:57
44,Cap Malheureux,MU,-19.9842,57.6142,79.47,82,99,10.0,overcast clouds,2022-02-05 01:36:42
45,Bolbec,FR,49.5732,0.4734,41.81,85,83,7.83,broken clouds,2022-02-05 01:40:16
46,Yellowknife,CA,62.456,-114.3525,-26.72,80,75,6.91,broken clouds,2022-02-05 01:40:17
47,Puerto Escondido,MX,15.85,-97.0667,79.63,73,0,0.0,clear sky,2022-02-05 01:40:17
48,Mahebourg,MU,-20.4081,57.7,79.25,94,75,14.97,broken clouds,2022-02-05 01:40:18
49,Mosquera,CO,4.7059,-74.2302,55.49,82,40,4.61,scattered clouds,2022-02-05 01:35:47
50,Isangel,VU,-19.55,169.2667,77.11,88,100,6.91,overcast clouds,2022-02-05 01:37:47
51,Marsa Matruh,EG,31.3525,27.2453,53.8,71,40,10.36,scattered clouds,2022-02-05 01:40:19
52,Hobart,AU,-42.8794,147.3294,67.23,78,75,8.05,broken clouds,2022-02-05 01:40:19
53,Mildura,AU,-34.2,142.15,84.07,29,100,12.66,overcast clouds,2022-02-05 01:40:20
54,Silopi,TR,37.2497,42.4694,43.32,90,91,1.28,overcast clouds,2022-02-05 01:40:20
55,Kodiak,US,57.79,-152.4072,38.71,81,100,3.44,overcast clouds,2022-02-05 01:40:20
56,Touros,BR,-5.1989,-35.4608,81.5,73,4,13.2,clear sky,2022-02-05 01:40:21
57,Mar Del Plata,AR,-38.0023,-57.5575,69.1,81,100,1.99,moderate rain,2022-02-05 01:39:11
58,Souillac,MU,-20.5167,57.5167,79.36,94,75,14.97,light rain,2022-02-05 01:40:21
59,Fairbanks,US,64.8378,-147.7164,8.1,64,100,3.44,light shower snow,2022-02-05 01:36:00
60,Asfi,MA,32.2994,-9.2372,62.15,56,76,13.31,broken clouds,2022-02-05 01:40:22
61,Airai,TL,-8.9266,125.4092,71.62,69,100,2.1,overcast clouds,2022-02-05 01:40:22
62,Sao Jose Da Coroa Grande,BR,-8.8978,-35.1478,78.55,76,5,7.65,clear sky,2022-02-05 01:40:22
63,Faya,SA,18.3851,42.4509,54.12,91,22,6.02,few clouds,2022-02-05 01:40:23
64,Bontang,ID,0.1333,117.5,82.62,68,100,4.38,overcast clouds,2022-02-05 01:40:23
65,Vianden,LU,49.935,6.2089,36.55,77,91,10.0,overcast clouds,2022-02-05 01:40:24
66,Kahului,US,20.8947,-156.47,83.46,69,40,17.27,scattered clouds,2022-02-05 01:39:24
67,Chuy,UY,-33.6971,-53.4616,69.04,94,0,4.76,clear sky,2022-02-05 01:39:15
68,Rosignano Marittimo,IT,43.4079,10.4729,53.47,84,88,0.87,overcast clouds,2022-02-05 01:40:24
69,Naze,JP,28.3667,129.4833,54.52,66,97,16.15,overcast clouds,2022-02-05 01:40:25
70,Beringovskiy,RU,63.05,179.3167,-7.24,86,54,12.19,broken clouds,2022-02-05 01:38:21
71,Esperance,AU,-33.8667,121.9,82.24,47,3,9.15,clear sky,2022-02-05 01:40:25
72,Weston,US,26.1004,-80.3998,75.22,84,0,3.0,clear sky,2022-02-05 01:39:23
73,Mount Gambier,AU,-37.8333,140.7667,73.31,46,40,12.66,scattered clouds,2022-02-05 01:40:26
74,Arraial Do Cabo,BR,-22.9661,-42.0278,75.97,86,100,21.81,overcast clouds,2022-02-05 01:40:26
75,Bengkulu,ID,-3.8004,102.2655,74.84,90,100,3.42,overcast clouds,2022-02-05 01:35:55
76,Khatanga,RU,71.9667,102.5,-35.9,100,87,2.66,overcast clouds,2022-02-05 01:40:27
77,Nokaneng,BW,-19.6667,22.2667,68.29,84,78,4.05,light rain,2022-02-05 01:40:27
78,Vila Velha,BR,-20.3297,-40.2925,73.35,96,75,1.01,mist,2022-02-05 01:39:02
79,Laagri,EE,59.3508,24.6142,31.66,93,100,16.11,overcast clouds,2022-02-05 01:40:28
80,Nangomba,TZ,-10.9,38.5,71.46,93,100,6.62,overcast clouds,2022-02-05 01:40:28
81,Umarkot,PK,25.3616,69.7362,59.47,72,0,7.54,clear sky,2022-02-05 01:40:29
82,Khorixas,NA,-20.3667,14.9667,69.64,54,100,9.17,overcast clouds,2022-02-05 01:40:29
83,Tezu,IN,27.9167,96.1667,55.74,97,100,1.92,overcast clouds,2022-02-05 01:36:52
84,Banda Aceh,ID,5.5577,95.3222,81.52,73,73,8.81,broken clouds,2022-02-05 01:40:30
85,Coquimbo,CL,-29.9533,-71.3436,64.13,82,0,3.44,clear sky,2022-02-05 01:38:42
86,Cherskiy,RU,68.75,161.3,-29.61,96,10,4.25,clear sky,2022-02-05 01:38:18
87,Guerrero Negro,MX,27.9769,-114.0611,61.3,33,0,3.71,clear sky,2022-02-05 01:40:30
88,Chimbote,PE,-9.0853,-78.5783,69.66,86,11,7.45,few clouds,2022-02-05 01:40:31
89,Leh,IN,34.1667,77.5833,-8.27,88,100,4.18,overcast clouds,2022-02-05 01:41:31
90,Rawson,AR,-43.3002,-65.1023,59.59,57,86,19.06,overcast clouds,2022-02-05 01:37:59
91,Nantucket,US,41.2835,-70.0995,37.51,93,100,17.27,light snow,2022-02-05 01:41:32
92,Portales,US,34.1862,-103.3344,32.99,74,0,4.27,clear sky,2022-02-05 01:41:32
93,Olafsvik,IS,64.8945,-23.7142,27.25,67,100,22.17,overcast clouds,2022-02-05 01:37:57
94,Altayskoye,RU,51.9533,85.3325,4.48,81,6,6.33,clear sky,2022-02-05 01:41:33
95,Tuktoyaktuk,CA,69.4541,-133.0374,-23.8,76,20,16.11,few clouds,2022-02-05 01:41:33
96,Butaritari,KI,3.0707,172.7902,82.62,77,47,18.12,scattered clouds,2022-02-05 01:41:34
97,Mantua,IT,45.1667,10.7833,46.81,90,100,1.01,overcast clouds,2022-02-05 01:41:28
98,Manyana,BW,-23.4,21.7167,70.79,69,67,8.41,light rain,2022-02-05 01:41:34
99,Salamiyah,SY,35.0113,37.0532,43.07,94,19,8.41,few clouds,2022-02-05 01:41:35
100,Matara,LK,5.9485,80.5353,74.28,83,42,4.99,scattered clouds,2022-02-05 01:41:23
101,Quatre Cocos,MU,-20.2078,57.7625,79.09,86,98,18.5,moderate rain,2022-02-05 01:39:01
102,Santiago Del Estero,AR,-27.7951,-64.2615,73.45,75,60,3.27,light rain,2022-02-05 01:41:35
103,Puerto Ayora,EC,-0.7393,-90.3518,75.54,92,75,4.0,broken clouds,2022-02-05 01:41:36
104,Kurilsk,RU,45.2333,147.8833,24.42,76,100,12.24,light snow,2022-02-05 01:41:36
105,Bluff,NZ,-46.6,168.3333,59.81,56,60,5.53,broken clouds,2022-02-05 01:41:37
106,Porto Belo,BR,-27.1578,-48.5531,78.78,90,100,8.1,overcast clouds,2022-02-05 01:36:40
107,Bam,IR,29.106,58.357,59.2,28,0,6.82,clear sky,2022-02-05 01:41:37
108,Tiksi,RU,71.6872,128.8694,-22.13,98,72,7.34,broken clouds,2022-02-05 01:39:10
109,Merauke,ID,-8.4667,140.3333,85.64,70,63,14.97,broken clouds,2022-02-05 01:41:38
110,Pevek,RU,69.7008,170.3133,-24.09,100,100,5.21,overcast clouds,2022-02-05 01:41:38
111,Andenes,NO,69.3143,16.1194,26.58,80,75,23.02,broken clouds,2022-02-05 01:41:38
112,Jacmel,HT,18.2342,-72.5347,80.44,80,0,3.69,clear sky,2022-02-05 01:41:39
113,East London,ZA,-33.0153,27.9116,68.38,89,100,7.65,light rain,2022-02-05 01:41:39
114,Mezen,RU,65.8522,44.24,-7.87,100,100,5.97,overcast clouds,2022-02-05 01:41:40
115,Gerash,IR,27.6652,54.1371,46.54,44,0,1.79,clear sky,2022-02-05 01:41:40
116,Port Hardy,CA,50.6996,-127.4199,44.78,87,100,5.75,light rain,2022-02-05 01:36:47
117,Upernavik,GL,72.7868,-56.1549,2.25,97,100,10.54,overcast clouds,2022-02-05 01:41:41
118,Ancud,CL,-41.8697,-73.8203,56.23,90,8,3.0,clear sky,2022-02-05 01:41:41
119,Siderno,IT,38.2779,16.302,54.84,52,96,5.41,overcast clouds,2022-02-05 01:41:41
120,Mecca,SA,21.4267,39.8261,58.15,53,3,12.71,clear sky,2022-02-05 01:41:42
121,Avarua,CK,-21.2078,-159.775,80.65,83,20,8.05,few clouds,2022-02-05 01:39:03
122,Iqaluit,CA,63.7506,-68.5145,-16.87,52,75,5.75,broken clouds,2022-02-05 01:39:13
123,Saldanha,ZA,-33.0117,17.9442,59.05,74,0,10.33,clear sky,2022-02-05 01:41:42
124,Kavaratti,IN,10.5669,72.642,77.61,59,88,4.27,overcast clouds,2022-02-05 01:41:43
125,Srednekolymsk,RU,67.45,153.6833,-27.83,100,100,0.34,overcast clouds,2022-02-05 01:41:43
126,Lebu,CL,-37.6167,-73.65,57.97,86,75,18.07,broken clouds,2022-02-05 01:41:44
127,Vestmannaeyjar,IS,63.4427,-20.2734,31.68,68,100,29.95,snow,2022-02-05 01:41:44
128,Khandyga,RU,62.6667,135.6,-30.1,95,55,1.12,broken clouds,2022-02-05 01:41:45
129,Butajira,ET,8.1167,38.3667,59.72,23,100,4.29,overcast clouds,2022-02-05 01:41:45
130,Pangnirtung,CA,66.1451,-65.7125,-18.4,69,40,2.3,scattered clouds,2022-02-05 01:41:45
131,Koslan,RU,63.4564,48.8989,-9.11,100,97,2.51,overcast clouds,2022-02-05 01:41:46
132,Straumen,NO,63.8709,11.2999,35.94,88,99,23.13,light rain,2022-02-05 01:41:46
133,Bredasdorp,ZA,-34.5322,20.0403,63.72,68,61,6.91,broken clouds,2022-02-05 01:42:46
134,Thompson,CA,55.7435,-97.8558,-16.44,69,0,5.75,clear sky,2022-02-05 01:42:47
135,Myrtle Beach,US,33.6891,-78.8867,66.24,91,100,6.91,overcast clouds,2022-02-05 01:42:47
136,Margate,GB,51.3813,1.3862,39.96,80,0,4.0,clear sky,2022-02-05 01:42:48
137,Ponta Do Sol,PT,32.6667,-17.1,63.12,57,92,3.76,overcast clouds,2022-02-05 01:38:29
138,Seydi,TM,39.4816,62.9137,45.84,33,33,17.09,scattered clouds,2022-02-05 01:42:48
139,New Norfolk,AU,-42.7826,147.0587,66.88,54,97,1.01,overcast clouds,2022-02-05 01:42:49
140,Krasnoselkup,RU,65.7,82.4667,16.07,96,100,5.57,light snow,2022-02-05 01:42:49
141,Ambilobe,MG,-13.2,49.05,75.42,92,100,10.65,light rain,2022-02-05 01:40:55
142,Adrar,MR,20.5022,-10.0711,63.66,12,0,9.22,clear sky,2022-02-05 01:42:50
143,Chokurdakh,RU,70.6333,147.9167,-30.32,100,14,1.57,few clouds,2022-02-05 01:42:50
144,Chimoio,MZ,-19.1164,33.4833,69.66,100,75,2.98,broken clouds,2022-02-05 01:42:51
145,George Town,MY,5.4112,100.3354,80.89,87,20,1.01,few clouds,2022-02-05 01:42:51
146,Verkhnyaya Inta,RU,65.9811,60.3094,2.32,98,99,4.92,overcast clouds,2022-02-05 01:42:52
147,Nikolskoye,RU,59.7035,30.7861,19.29,88,99,11.95,overcast clouds,2022-02-05 01:42:52
148,Victoria,HK,22.2855,114.1577,60.24,78,100,1.01,overcast clouds,2022-02-05 01:39:13
149,Barra Do Garcas,BR,-15.89,-52.2567,74.8,88,91,1.77,overcast clouds,2022-02-05 01:42:53
150,Abu Zabad,SD,12.35,29.25,60.26,20,82,16.84,broken clouds,2022-02-05 01:42:53
151,Santa Cruz De La Palma,ES,28.6835,-17.7642,62.74,67,0,4.61,clear sky,2022-02-05 01:42:53
152,Severo-Kurilsk,RU,50.6789,156.125,31.28,87,92,8.84,light snow,2022-02-05 01:42:54
153,Barrow,US,71.2906,-156.7887,-20.18,69,100,10.36,overcast clouds,2022-02-05 01:42:54
154,Gornopravdinsk,RU,60.05,69.9,17.35,97,100,1.92,overcast clouds,2022-02-05 01:42:55
155,Roald,NO,62.5833,6.1333,39.33,70,75,32.21,broken clouds,2022-02-05 01:42:55
156,Bambous Virieux,MU,-20.3428,57.7575,79.21,94,75,14.97,moderate rain,2022-02-05 01:42:55
157,Odienne,CI,9.51,-7.5692,71.53,16,22,0.67,few clouds,2022-02-05 01:42:56
158,Jamestown,US,42.097,-79.2353,18.72,66,100,1.01,overcast clouds,2022-02-05 01:39:24
159,Biak,ID,-0.9131,122.8766,83.41,67,96,2.19,overcast clouds,2022-02-05 01:42:57
160,Baillif,GP,16.0202,-61.7463,72.64,76,9,6.69,clear sky,2022-02-05 01:42:57
161,Starosubkhangulovo,RU,53.1031,57.4423,18.52,95,100,4.27,overcast clouds,2022-02-05 01:42:57
162,Ishigaki,JP,24.3448,124.1572,60.93,72,75,14.97,broken clouds,2022-02-05 01:42:58
163,Akyab,MM,20.15,92.9,69.94,65,3,3.29,clear sky,2022-02-05 01:42:58
164,Putnok,HU,48.3,20.4333,38.3,80,100,2.55,overcast clouds,2022-02-05 01:42:59
165,Dali,CN,25.7,100.1833,50.04,53,0,3.6,clear sky,2022-02-05 01:42:59
166,Mapimi,MX,25.8167,-103.85,41.61,36,0,5.66,clear sky,2022-02-05 01:43:00
167,Frontera,MX,26.9333,-101.45,40.32,56,3,1.99,clear sky,2022-02-05 01:43:00
168,El Alto,PE,-4.2714,-81.2147,70.12,79,29,16.08,scattered clouds,2022-02-05 01:43:00
169,Dunmore Town,BS,25.5,-76.65,74.8,61,2,13.0,clear sky,2022-02-05 01:43:01
170,Tarko-Sale,RU,64.9225,77.785,13.71,95,100,12.12,light snow,2022-02-05 01:43:01
171,Faanui,PF,-16.4833,-151.75,80.73,75,41,14.47,light rain,2022-02-05 01:43:02
172,Provideniya,RU,64.3833,-173.3,2.71,63,2,9.22,clear sky,2022-02-05 01:40:22
173,San Cristobal,VE,7.7669,-72.225,71.78,90,57,1.86,broken clouds,2022-02-05 01:43:02
174,Villa Bruzual,VE,9.3328,-69.1208,77.76,57,61,8.77,broken clouds,2022-02-05 01:43:03
175,Micheweni,TZ,-4.9667,39.8333,79.0,83,98,4.07,overcast clouds,2022-02-05 01:43:03
176,Lavrentiya,RU,65.5833,-171.0,-8.81,82,1,8.86,clear sky,2022-02-05 01:43:04
177,Hasaki,JP,35.7333,140.8333,43.29,38,6,18.07,clear sky,2022-02-05 01:43:04
178,Baykit,RU,61.67,96.37,8.62,98,100,2.06,overcast clouds,2022-02-05 01:53:13
179,Planadas,CO,3.197,-75.6451,73.83,93,89,3.98,overcast clouds,2022-02-05 01:53:13
180,Castro,BR,-24.7911,-50.0119,64.72,98,64,3.78,broken clouds,2022-02-05 01:53:14
181,Mahanoro,MG,-19.9,48.8,75.25,96,100,25.84,heavy intensity rain,2022-02-05 01:53:14
182,Cabo San Lucas,MX,22.8909,-109.9124,67.3,69,0,3.85,clear sky,2022-02-05 01:53:15
183,Catamarca,AR,-28.4696,-65.7852,68.77,85,46,1.99,scattered clouds,2022-02-05 01:53:15
184,Perth,AU,-31.9333,115.8333,100.67,16,0,9.22,clear sky,2022-02-05 01:48:41
185,Narsaq,GL,60.9167,-46.05,-0.89,53,0,16.4,clear sky,2022-02-05 01:53:15
186,Capreol,CA,46.706,-80.9225,-1.73,59,75,5.75,broken clouds,2022-02-05 01:53:16
187,Montevideo,UY,-34.8335,-56.1674,69.51,83,40,3.44,scattered clouds,2022-02-05 01:51:26
188,Lata,PT,40.1629,-8.3327,47.05,96,80,1.7,broken clouds,2022-02-05 01:53:17
189,La Ronge,CA,55.1001,-105.2842,-9.15,77,100,6.91,overcast clouds,2022-02-05 01:53:17
190,Bumba,CD,2.1833,22.4667,70.68,50,100,3.56,overcast clouds,2022-02-05 01:53:18
191,Shimabara,JP,32.7833,130.3667,39.97,52,100,16.8,overcast clouds,2022-02-05 01:53:18
192,Dakar,SN,14.6937,-17.4441,70.68,88,0,4.61,clear sky,2022-02-05 01:53:18
193,Nishihara,JP,26.1842,127.7558,60.85,57,40,14.97,scattered clouds,2022-02-05 01:53:19
194,Tongliao,CN,43.6125,122.2653,7.9,76,3,10.16,clear sky,2022-02-05 01:53:19
195,Okhotsk,RU,59.3833,143.3,4.53,71,99,16.15,overcast clouds,2022-02-05 01:53:19
196,Hithadhoo,MV,-0.6,73.0833,81.66,73,99,11.43,overcast clouds,2022-02-05 01:53:20
197,Svetlogorsk,BY,52.6333,29.7333,11.25,96,95,7.99,overcast clouds,2022-02-05 01:53:20
198,Coihaique,CL,-45.5752,-72.0662,60.75,59,0,3.44,clear sky,2022-02-05 01:53:21
199,Kindu,CD,-2.95,25.95,68.18,99,100,3.15,overcast clouds,2022-02-05 01:53:21
200,Kavieng,PG,-2.5744,150.7967,83.88,69,100,5.82,overcast clouds,2022-02-05 01:53:21
201,Longyearbyen,SJ,78.2186,15.6401,15.64,53,20,20.71,few clouds,2022-02-05 01:53:22
202,Polur,IN,12.5,79.1333,71.76,84,57,0.78,broken clouds,2022-02-05 01:53:22
203,Merrill,US,45.1805,-89.6835,6.57,86,0,0.0,clear sky,2022-02-05 01:53:23
204,Colares,PT,38.7992,-9.4469,52.9,73,96,1.01,overcast clouds,2022-02-05 01:53:23
205,Pemagatsel,BT,27.0319,91.4266,40.77,92,93,1.21,overcast clouds,2022-02-05 01:53:23
206,Farafangana,MG,-22.8167,47.8333,77.31,91,100,18.86,moderate rain,2022-02-05 01:53:24
207,Snezhnogorsk,RU,69.1933,33.2531,11.98,84,100,21.97,overcast clouds,2022-02-05 01:53:24
208,Icatu,BR,-2.7758,-44.0658,81.03,92,100,5.55,heavy intensity rain,2022-02-05 01:53:25
209,Umm Lajj,SA,25.0213,37.2685,60.28,49,1,7.27,clear sky,2022-02-05 01:53:25
210,Synya,RU,65.3718,58.0387,3.6,98,95,4.5,overcast clouds,2022-02-05 01:53:25
211,Cayenne,GF,4.9333,-52.3333,79.09,89,75,5.99,mist,2022-02-05 01:53:26
212,Castlebar,IE,53.85,-9.3,46.6,77,100,17.36,overcast clouds,2022-02-05 01:53:26
213,Lompoc,US,34.6391,-120.4579,61.11,57,0,11.5,clear sky,2022-02-05 01:53:26
214,Nosivka,UA,50.9315,31.5828,4.23,100,99,4.97,overcast clouds,2022-02-05 01:53:27
215,Am Timan,TD,11.0297,20.2827,69.28,20,2,7.23,clear sky,2022-02-05 01:53:27
216,Sijunjung,ID,-0.6876,100.9537,73.74,95,100,0.51,overcast clouds,2022-02-05 01:53:28
217,Leningradskiy,RU,69.3833,178.4167,-16.17,93,62,8.12,broken clouds,2022-02-05 01:53:28
218,Cacule,BR,-14.5033,-42.2222,70.2,83,100,2.91,moderate rain,2022-02-05 01:53:28
219,Yeniseysk,RU,58.4497,92.1703,21.96,95,100,8.21,light snow,2022-02-05 01:53:29
220,Sanming,CN,26.2486,117.6186,47.23,82,100,3.06,overcast clouds,2022-02-05 01:53:29
221,Kissidougou,GN,9.1848,-10.0999,67.87,20,4,2.19,clear sky,2022-02-05 01:53:30
222,Pingliang,CN,35.5392,106.6861,20.95,69,100,3.13,overcast clouds,2022-02-05 01:53:30
223,Ponca City,US,36.707,-97.0856,19.89,96,5,4.72,clear sky,2022-02-05 01:53:30
224,Lasa,IT,46.6166,10.7002,34.68,89,18,7.0,few clouds,2022-02-05 01:53:31
225,Taoudenni,ML,22.6783,-3.9836,64.4,14,20,9.93,few clouds,2022-02-05 01:53:31
226,Bismarck,US,46.8083,-100.7837,12.87,72,100,8.99,overcast clouds,2022-02-05 01:50:29
227,Praia Da Vitoria,PT,38.7333,-27.0667,57.76,100,75,11.88,broken clouds,2022-02-05 01:54:32
228,Yeppoon,AU,-23.1333,150.7333,83.98,59,66,19.57,broken clouds,2022-02-05 01:54:32
229,Morrinhos,BR,-17.7311,-49.0994,69.53,85,91,1.7,overcast clouds,2022-02-05 01:54:33
230,Saskylakh,RU,71.9167,114.0833,-9.0,99,99,5.28,overcast clouds,2022-02-05 01:54:33
231,Gushi,CN,34.6425,109.5843,35.82,32,100,8.88,overcast clouds,2022-02-05 01:54:33
232,Tocopilla,CL,-22.092,-70.1979,71.1,67,2,10.38,clear sky,2022-02-05 01:51:53
233,Natchitoches,US,31.7668,-93.1335,34.18,86,100,9.22,overcast clouds,2022-02-05 01:54:34
234,Santa Quiteria Do Maranhao,BR,-3.5156,-42.5467,73.45,98,100,5.19,moderate rain,2022-02-05 01:54:34
235,Najran,SA,17.4924,44.1277,65.05,72,3,7.87,clear sky,2022-02-05 01:54:35
236,Makinsk,KZ,52.6292,70.4169,2.55,80,100,5.77,overcast clouds,2022-02-05 01:54:35
237,Coffs Harbour,AU,-30.3,153.1333,73.67,82,75,12.66,broken clouds,2022-02-05 01:54:36
238,Taksimo,RU,56.3444,114.8794,-2.79,87,58,2.06,broken clouds,2022-02-05 01:54:36
239,Kaeo,NZ,-35.1,173.7833,77.32,86,48,12.64,light rain,2022-02-05 01:54:36
240,Beloha,MG,-25.1667,45.05,74.12,87,34,14.54,scattered clouds,2022-02-05 01:54:37
241,Mucurapo,TT,10.6667,-61.5333,75.96,82,0,8.41,clear sky,2022-02-05 01:54:37
242,Sahy,SK,48.0741,18.9495,37.4,88,100,2.62,overcast clouds,2022-02-05 01:54:37
243,Parabel,RU,58.6978,81.4825,20.98,86,100,11.83,overcast clouds,2022-02-05 01:54:38
244,San Patricio,US,28.017,-97.5169,42.84,68,6,15.17,clear sky,2022-02-05 01:54:38
245,Nimes,FR,43.8333,4.35,51.85,81,0,2.3,clear sky,2022-02-05 01:54:38
246,Mopti,ML,14.6667,-4.0,70.18,12,28,11.39,scattered clouds,2022-02-05 01:54:39
247,La Algaba,ES,37.4637,-6.0129,54.05,90,0,1.99,clear sky,2022-02-05 01:54:39
248,Aklavik,CA,68.2191,-135.0107,-21.28,91,6,17.49,clear sky,2022-02-05 01:52:48
249,Flin Flon,CA,54.7682,-101.865,-9.81,95,100,5.75,overcast clouds,2022-02-05 01:54:40
250,Guangyuan,CN,32.442,105.823,41.14,96,100,1.12,overcast clouds,2022-02-05 01:54:40
251,Paramonga,PE,-10.6667,-77.8333,70.45,85,92,8.32,overcast clouds,2022-02-05 01:54:41
252,Ribeira Grande,PT,38.5167,-28.7,59.02,81,27,14.43,scattered clouds,2022-02-05 01:54:41
253,Jawar,IN,23.0,76.5,52.61,34,0,0.4,clear sky,2022-02-05 01:54:41
254,Ahipara,NZ,-35.1667,173.1667,74.43,86,87,15.66,overcast clouds,2022-02-05 01:54:42
255,Yaguajay,CU,22.3272,-79.2378,72.34,78,0,11.9,light rain,2022-02-05 01:54:42
256,Galesong,ID,-5.3166,119.3661,84.22,71,99,7.85,overcast clouds,2022-02-05 01:54:43
257,Nalbari,IN,26.4456,91.4354,58.98,87,100,9.71,overcast clouds,2022-02-05 01:54:43
258,Kruisfontein,ZA,-34.0033,24.7314,65.88,80,46,3.62,scattered clouds,2022-02-05 01:54:43
259,Ust-Ilimsk,RU,58.0006,102.6619,11.88,94,100,7.38,overcast clouds,2022-02-05 01:54:44
260,Constitucion,CL,-35.3333,-72.4167,58.6,88,2,12.21,clear sky,2022-02-05 01:54:44
261,Bairiki,KI,1.3292,172.9752,87.8,66,20,17.27,few clouds,2022-02-05 01:54:45
262,Pokrovsk,UA,48.282,37.1758,13.37,98,97,7.0,overcast clouds,2022-02-05 01:54:45
263,Sabang,ID,5.8933,95.3214,82.06,74,85,17.52,overcast clouds,2022-02-05 01:54:45
264,Kupang,ID,-10.1667,123.5833,83.26,76,32,8.57,scattered clouds,2022-02-05 01:54:46
265,Khromtau,KZ,50.2503,58.4347,18.61,94,100,13.98,overcast clouds,2022-02-05 01:54:46
266,Rabo De Peixe,PT,37.8,-25.5833,58.28,86,20,9.22,few clouds,2022-02-05 01:54:46
267,Mamallapuram,IN,12.6264,80.1722,78.85,79,86,1.92,overcast clouds,2022-02-05 01:54:47
268,Roseto Degli Abruzzi,IT,42.6664,14.0227,48.2,63,7,3.31,clear sky,2022-02-05 01:54:47
269,Ostersund,SE,63.1792,14.6357,25.25,80,18,11.5,few clouds,2022-02-05 01:54:48
270,Riyadh,SA,24.6877,46.7219,68.14,36,13,19.73,few clouds,2022-02-05 01:52:31
271,Coronado,US,32.6859,-117.1831,64.65,55,20,10.36,few clouds,2022-02-05 01:51:22
272,Baijiantan,CN,45.6333,85.1833,-0.24,91,49,1.43,scattered clouds,2022-02-05 01:54:49
273,Nanortalik,GL,60.1432,-45.2371,11.89,65,94,39.62,overcast clouds,2022-02-05 01:54:49
274,Abalak,RU,58.1286,68.5944,17.42,96,100,4.43,overcast clouds,2022-02-05 01:51:36
275,Buchanan,LR,5.8808,-10.0467,78.57,85,25,4.79,scattered clouds,2022-02-05 01:54:50
276,Vardo,NO,70.3705,31.1107,22.21,92,100,31.85,snow,2022-02-05 01:55:50
277,Dangriga,BZ,16.9692,-88.2321,78.76,85,6,5.39,clear sky,2022-02-05 01:55:51
278,Road Town,VG,18.4167,-64.6167,75.24,78,20,11.5,few clouds,2022-02-05 01:55:25
279,Mehamn,NO,71.0357,27.8492,19.65,84,100,30.4,overcast clouds,2022-02-05 01:55:51
280,Port Blair,IN,11.6667,92.75,80.64,83,20,4.61,mist,2022-02-05 01:55:52
281,Nabire,ID,-3.3667,135.4833,85.78,65,100,4.7,overcast clouds,2022-02-05 01:55:52
282,Ugoofaaru,MV,5.6667,73.0,81.16,67,40,11.01,scattered clouds,2022-02-05 01:55:52
283,Camacha,PT,33.0833,-16.3333,60.22,88,20,4.61,few clouds,2022-02-05 01:55:53
284,Waipawa,NZ,-41.4122,175.5153,56.44,93,100,9.8,light rain,2022-02-05 01:55:53
285,Port Macquarie,AU,-31.4333,152.9167,75.88,60,98,14.85,overcast clouds,2022-02-05 01:55:54
286,La Argentina,CO,2.1961,-75.98,61.63,95,72,3.36,broken clouds,2022-02-05 01:55:54
287,Inuvik,CA,68.3499,-133.7218,-19.19,73,0,3.44,clear sky,2022-02-05 01:55:54
288,Simbahan,PH,6.3032,120.5836,81.12,76,67,15.08,broken clouds,2022-02-05 01:55:55
289,Lazaro Cardenas,MX,17.9583,-102.2,73.4,76,16,2.17,few clouds,2022-02-05 01:55:55
290,Seguela,CI,7.9611,-6.6731,71.74,31,7,2.51,clear sky,2022-02-05 01:55:56
291,Cedar City,US,37.6775,-113.0619,31.39,41,0,1.88,clear sky,2022-02-05 01:55:45
292,Sao Filipe,CV,14.8961,-24.4956,73.08,73,0,9.26,clear sky,2022-02-05 01:55:56
293,Veere,NL,51.5483,3.6667,44.58,83,40,7.0,scattered clouds,2022-02-05 01:55:57
294,Mana,GF,5.6592,-53.7767,76.75,86,100,7.96,overcast clouds,2022-02-05 01:55:57
295,Bondoukou,CI,8.0333,-2.8,73.6,16,5,2.98,clear sky,2022-02-05 01:55:58
296,Pemangkat,ID,1.1667,108.9667,80.28,78,100,9.66,overcast clouds,2022-02-05 01:55:58
297,Kushmurun,KZ,52.4503,64.6311,17.64,78,100,8.08,overcast clouds,2022-02-05 01:55:58
298,Babag,PH,7.7311,126.0708,80.4,81,86,6.02,overcast clouds,2022-02-05 01:55:59
299,Fortuna,US,40.5982,-124.1573,50.47,90,20,1.01,few clouds,2022-02-05 01:55:59
300,Husavik,IS,66.0449,-17.3389,15.71,93,100,6.33,light snow,2022-02-05 01:56:00
301,Makakilo City,US,21.3469,-158.0858,78.69,63,20,6.91,few clouds,2022-02-05 01:56:00
302,Mandalgovi,MN,45.7625,106.2708,5.72,69,0,8.7,clear sky,2022-02-05 01:56:01
303,Sibolga,ID,1.7427,98.7792,77.45,82,100,1.72,overcast clouds,2022-02-05 01:53:26
304,Bar Harbor,US,44.3876,-68.2039,19.98,84,100,8.01,mist,2022-02-05 01:56:01
305,Petatlan,MX,17.5167,-101.2667,71.33,78,2,2.57,clear sky,2022-02-05 01:56:01
306,Vrede,ZA,-27.4257,29.1659,57.31,94,100,7.02,overcast clouds,2022-02-05 01:56:02
307,Khorramshahr,IR,30.4397,48.1664,57.16,62,75,19.57,broken clouds,2022-02-05 01:56:02
308,Ruwi,OM,23.5996,58.5507,69.58,48,4,1.12,clear sky,2022-02-05 01:56:03
309,Xining,CN,36.6167,101.7667,14.11,88,100,2.55,light snow,2022-02-05 01:56:03
310,Yumen,CN,40.2833,97.2,15.67,36,100,14.74,overcast clouds,2022-02-05 01:56:03
311,Tilichiki,RU,60.4667,166.1,-1.64,73,100,9.46,overcast clouds,2022-02-05 01:56:04
312,Neiafu,TO,-18.65,-173.9833,77.68,100,75,4.61,light rain,2022-02-05 01:56:04
313,Russell,US,32.3502,-85.1999,42.08,89,100,10.45,overcast clouds,2022-02-05 01:56:05
314,Durazno,UY,-33.4131,-56.5006,70.07,83,90,5.82,overcast clouds,2022-02-05 01:56:05
315,Voh,NC,-20.9667,164.7,83.89,77,100,9.71,moderate rain,2022-02-05 01:56:05
316,Tiszapuspoki,HU,47.2167,20.3167,37.13,93,0,0.0,clear sky,2022-02-05 01:56:06
317,Richards Bay,ZA,-28.783,32.0377,71.2,94,100,14.74,heavy intensity rain,2022-02-05 01:56:06
318,La Plata,AR,-34.9215,-57.9545,74.97,95,100,5.37,light rain,2022-02-05 01:52:00
319,Moose Factory,CA,51.2585,-80.6094,-9.42,64,75,4.61,broken clouds,2022-02-05 01:56:07
320,Kamenka,RU,51.3223,42.7678,10.9,98,90,7.38,overcast clouds,2022-02-05 01:56:07
321,Frederikshavn,DK,57.4407,10.5366,37.35,73,10,21.45,clear sky,2022-02-05 01:56:08
322,Fukue,JP,32.6881,128.8419,41.36,56,75,16.11,broken clouds,2022-02-05 01:56:08
323,Ipira,BR,-12.1583,-39.7372,74.61,81,71,9.33,broken clouds,2022-02-05 01:56:08
324,Henties Bay,NA,-22.116,14.2845,65.86,84,100,4.72,overcast clouds,2022-02-05 01:57:09
325,Muroto,JP,33.2833,134.15,42.84,48,51,18.43,broken clouds,2022-02-05 01:57:09
326,Mattru,SL,7.6244,-11.8332,70.97,97,12,1.34,few clouds,2022-02-05 01:57:10
327,Katherine,AU,-14.4667,132.2667,77.32,88,54,11.5,light rain,2022-02-05 01:57:10
328,Evensk,RU,61.95,159.2333,14.61,55,1,14.05,clear sky,2022-02-05 01:57:10
329,Dunyapur,PK,29.7995,71.7196,46.42,66,0,6.31,clear sky,2022-02-05 01:57:11
330,Byron Bay,AU,-28.65,153.6167,77.05,63,98,21.09,light rain,2022-02-05 01:52:45
331,Erenhot,CN,43.6475,111.9767,5.47,84,11,10.27,few clouds,2022-02-05 01:57:11
332,Stettler,CA,52.3168,-112.7186,35.44,90,100,9.26,overcast clouds,2022-02-05 01:57:12
333,Bahir Dar,ET,11.5936,37.3908,61.99,58,20,4.38,few clouds,2022-02-05 01:57:12
334,Noumea,NC,-22.2763,166.4572,91.38,74,100,6.22,overcast clouds,2022-02-05 01:57:12
335,Kapit,MY,2.0167,112.9333,80.22,84,100,1.36,overcast clouds,2022-02-05 01:57:13
336,Kandrian,PG,-6.2167,149.55,89.58,60,79,15.35,broken clouds,2022-02-05 01:57:13
337,Prince Rupert,CA,54.3161,-130.3201,42.89,93,100,14.97,mist,2022-02-05 01:57:13
338,Yuzhno-Kurilsk,RU,44.0306,145.8556,25.68,69,63,16.4,broken clouds,2022-02-05 01:57:14
339,Dingle,PH,10.9995,122.6711,79.32,77,87,16.82,overcast clouds,2022-02-05 01:57:14
340,Baherden,TM,38.4362,57.4316,53.55,31,0,6.67,clear sky,2022-02-05 01:57:15
341,Great Yarmouth,GB,52.6083,1.7305,38.44,86,5,19.66,clear sky,2022-02-05 01:57:15
342,Geraldton,AU,-28.7667,114.6,104.41,9,0,19.57,clear sky,2022-02-05 01:57:15
343,Sciacca,IT,37.5082,13.0881,55.09,79,3,3.96,clear sky,2022-02-05 01:57:16
344,Nuevo Laredo,MX,27.4763,-99.5164,43.83,43,0,11.54,clear sky,2022-02-05 01:57:16
345,Vila Franca Do Campo,PT,37.7167,-25.4333,59.2,78,100,9.15,overcast clouds,2022-02-05 01:57:17
346,Fairmont,US,39.4851,-80.1426,26.42,90,100,3.51,overcast clouds,2022-02-05 01:57:17
347,Solnechnyy,RU,50.7214,136.6319,6.96,89,100,1.74,overcast clouds,2022-02-05 01:57:18
348,Gat,IL,31.61,34.7642,56.08,100,83,11.79,broken clouds,2022-02-05 01:57:18
349,Arnedo,ES,42.2167,-2.1,44.02,77,100,7.81,overcast clouds,2022-02-05 01:57:18
350,Kungurtug,RU,50.5994,97.5228,-13.88,96,37,1.19,scattered clouds,2022-02-05 01:52:46
351,Rio Gallegos,AR,-51.6226,-69.2181,50.05,71,0,18.41,clear sky,2022-02-05 01:57:19
352,Jiangyou,CN,31.7667,104.7167,40.5,96,100,4.14,light rain,2022-02-05 01:57:19
353,Biskamzha,RU,53.4497,89.5272,4.15,95,99,0.38,overcast clouds,2022-02-05 01:57:20
354,Waddan,LY,29.1614,16.139,49.05,48,0,4.83,clear sky,2022-02-05 01:57:20
355,Dalby,AU,-27.1833,151.2667,77.7,37,0,19.57,clear sky,2022-02-05 01:57:21
356,Ossora,RU,59.2353,163.0719,10.85,76,100,7.02,overcast clouds,2022-02-05 01:57:21
357,Sitka,US,57.0531,-135.33,40.48,96,100,13.62,light rain,2022-02-05 01:57:21
358,Luoyang,CN,34.6836,112.4536,35.64,43,83,5.08,broken clouds,2022-02-05 01:57:22
359,Guangshui,CN,31.6199,113.9978,40.6,52,6,8.57,clear sky,2022-02-05 01:57:22
360,Ayna,PE,-12.65,-73.9167,60.44,89,70,0.83,broken clouds,2022-02-05 01:57:23
361,Porto Novo,BJ,6.4965,2.6036,82.22,88,0,3.94,clear sky,2022-02-05 01:57:23
362,Necochea,AR,-38.5473,-58.7368,60.04,77,100,15.28,moderate rain,2022-02-05 01:53:45
363,Salalah,OM,17.0151,54.0924,67.8,79,0,3.04,clear sky,2022-02-05 01:57:24
364,Alofi,NU,-19.0595,-169.9187,80.49,89,100,8.05,overcast clouds,2022-02-05 01:57:24
365,Olutanga,PH,7.3106,122.8464,80.98,74,79,11.77,broken clouds,2022-02-05 01:57:25
366,Kokopo,PG,-4.352,152.2633,86.68,56,17,11.86,few clouds,2022-02-05 01:57:25
367,Khandbari,NP,27.3747,87.2039,45.46,74,88,3.78,overcast clouds,2022-02-05 01:57:25
368,Avenal,US,36.0041,-120.129,63.28,35,0,1.95,clear sky,2022-02-05 01:57:26
369,Poum,NC,-20.2333,164.0167,81.48,76,99,16.75,light rain,2022-02-05 01:57:26
370,Conde,BR,-7.2597,-34.9075,80.06,78,20,5.75,few clouds,2022-02-05 01:57:27
371,Zyryanovsk,KZ,49.7386,84.2719,-18.63,99,73,1.92,broken clouds,2022-02-05 01:57:27
372,Shima,CN,24.4478,117.8111,53.62,77,99,6.87,overcast clouds,2022-02-05 01:58:27
373,Itarema,BR,-2.9248,-39.9167,79.05,80,65,10.27,broken clouds,2022-02-05 01:58:28
374,Asosa,ET,10.0667,34.5333,61.25,23,74,6.85,broken clouds,2022-02-05 01:58:28
375,Kaitangata,NZ,-46.2817,169.8464,58.32,52,17,8.12,few clouds,2022-02-05 01:58:29
376,Tessalit,ML,20.1986,1.0114,57.56,18,0,10.51,clear sky,2022-02-05 01:58:29
377,San Quintin,MX,30.4833,-115.95,57.06,57,2,3.27,clear sky,2022-02-05 01:58:29
378,Almaznyy,RU,48.0448,40.045,26.74,91,98,11.12,overcast clouds,2022-02-05 01:58:30
379,Xai-Xai,MZ,-25.0519,33.6442,76.98,71,65,11.65,broken clouds,2022-02-05 01:58:30
380,Forbes,AU,-33.3833,148.0167,79.92,30,19,11.48,few clouds,2022-02-05 01:58:31
381,Juliaca,PE,-15.5,-70.1333,45.3,87,100,7.74,overcast clouds,2022-02-05 01:58:31
382,Aguas Formosas,BR,-17.0822,-40.9358,72.07,98,100,1.74,moderate rain,2022-02-05 01:58:31
383,Santa Rosa,PH,14.3122,121.1114,87.1,66,46,18.5,scattered clouds,2022-02-05 01:58:32
384,Talnakh,RU,69.4865,88.3972,-6.95,97,91,4.97,overcast clouds,2022-02-05 01:58:32
385,Constantine,DZ,36.365,6.6147,42.21,56,0,0.0,clear sky,2022-02-05 01:58:33
386,Anadyr,RU,64.75,177.4833,10.9,52,0,6.71,clear sky,2022-02-05 01:58:33
387,Petropavlovsk-Kamchatskiy,RU,53.0452,158.6483,27.19,54,75,13.42,broken clouds,2022-02-05 01:58:33
388,Matamoros,MX,25.5333,-103.25,43.63,51,1,7.0,clear sky,2022-02-05 01:58:34
389,Dalianwan,CN,39.0286,121.695,26.64,36,0,13.42,clear sky,2022-02-05 01:58:34
390,Namibe,AO,-15.1961,12.1522,70.79,70,16,6.55,few clouds,2022-02-05 01:58:34
391,Westport,US,41.1415,-73.3579,33.01,88,100,1.99,overcast clouds,2022-02-05 01:55:16
392,Arkadelphia,US,34.1209,-93.0538,29.97,93,0,5.75,clear sky,2022-02-05 01:55:18
393,Pingshan,CN,22.9938,114.7131,52.9,66,95,5.48,overcast clouds,2022-02-05 01:58:35
394,Haimen,CN,23.1935,116.6142,53.49,75,100,12.53,overcast clouds,2022-02-05 01:58:35
395,Mustasaari,FI,63.1142,21.6822,31.95,100,100,13.8,overcast clouds,2022-02-05 01:58:36
396,Indianola,US,41.3581,-93.5574,12.45,72,0,11.39,clear sky,2022-02-05 01:58:36
397,Aksarka,RU,66.5606,67.7975,-1.52,100,85,2.1,overcast clouds,2022-02-05 01:58:37
398,Mount Isa,AU,-20.7333,139.5,87.57,23,5,9.22,clear sky,2022-02-05 01:58:37
399,Anajatuba,BR,-3.2644,-44.6197,73.72,98,100,1.28,moderate rain,2022-02-05 01:58:37
400,La Palma,US,33.8464,-118.0467,67.51,29,0,1.99,clear sky,2022-02-05 01:58:38
401,Namatanai,PG,-3.6667,152.4333,85.5,66,80,9.04,broken clouds,2022-02-05 01:58:38
402,San Fernando,PH,15.0286,120.6898,84.22,56,90,14.85,overcast clouds,2022-02-05 01:58:38
403,Dennery,LC,13.8996,-60.8879,78.89,73,20,13.8,few clouds,2022-02-05 01:58:39
404,Salamanca,ES,40.8333,-6.0,35.38,90,93,3.42,overcast clouds,2022-02-05 01:55:46
405,Kokoda,PG,-8.8785,147.7407,90.63,56,61,2.93,broken clouds,2022-02-05 01:58:39
406,Nome,US,64.5011,-165.4064,4.15,65,100,5.68,overcast clouds,2022-02-05 01:58:19
407,Pontes E Lacerda,BR,-15.2261,-59.3353,72.77,90,26,2.21,scattered clouds,2022-02-05 01:58:39
408,Cockburn Town,TC,21.4612,-71.1419,75.16,64,40,11.5,scattered clouds,2022-02-05 01:58:40
409,Ipswich,GB,52.0592,1.1555,39.06,80,4,13.82,clear sky,2022-02-05 01:57:45
410,Bud,US,39.447,-86.1758,19.45,87,81,5.53,broken clouds,2022-02-05 01:58:40
411,Da Nang,VN,16.0678,108.2208,67.98,83,75,1.14,broken clouds,2022-02-05 01:58:41
412,High Prairie,CA,55.4334,-116.4858,7.07,98,100,3.69,overcast clouds,2022-02-05 01:55:13
413,Chardara,KZ,41.2547,67.9692,39.69,46,5,8.75,clear sky,2022-02-05 01:58:41
414,Oyama,JP,36.3,139.8,48.6,23,19,5.3,few clouds,2022-02-05 01:58:42
415,Umm Bab,QA,25.2142,50.8072,67.06,49,5,9.17,clear sky,2022-02-05 01:58:42
416,Havoysund,NO,70.9963,24.6622,18.48,77,100,23.31,overcast clouds,2022-02-05 01:58:43
417,Payson,US,40.0444,-111.7321,30.78,56,9,0.54,clear sky,2022-02-05 01:58:43
418,Oum Hadjer,TD,13.2954,19.6966,63.57,19,2,12.8,clear sky,2022-02-05 01:58:43
419,San Juan,AR,-31.5375,-68.5364,79.68,28,0,6.91,clear sky,2022-02-05 01:58:44
420,Bamiantong,CN,44.9333,130.5333,2.59,77,13,11.25,few clouds,2022-02-05 02:01:52
421,Soligalich,RU,59.0778,42.2864,-5.1,100,85,2.53,overcast clouds,2022-02-05 02:01:52
422,Mangit,UZ,40.5971,70.9607,33.08,40,97,5.75,overcast clouds,2022-02-05 02:01:53
423,Klaksvik,FO,62.2266,-6.589,36.52,54,96,23.87,overcast clouds,2022-02-05 02:01:53
424,Privas,FR,44.5833,4.5,48.54,84,53,6.6,broken clouds,2022-02-05 02:01:54
425,Hambantota,LK,6.1241,81.1185,71.94,100,20,3.44,few clouds,2022-02-05 02:01:54
426,Bubaque,GW,11.2833,-15.8333,77.79,66,0,8.93,clear sky,2022-02-05 02:01:54
427,Nanchang,CN,28.6833,115.8833,45.18,66,5,6.11,clear sky,2022-02-05 02:01:55
428,Bardiyah,LY,31.7561,25.0865,50.47,76,0,11.97,clear sky,2022-02-05 02:01:55
429,Clyde River,CA,70.4692,-68.5914,-10.97,77,0,14.97,clear sky,2022-02-05 01:57:45
430,Meadow Lake,US,34.8014,-106.5436,28.47,77,0,3.27,clear sky,2022-02-05 02:01:56
431,Deputatskiy,RU,69.3,139.9,-27.35,99,69,2.53,broken clouds,2022-02-05 02:01:56
432,Catalao,BR,-18.1658,-47.9464,68.32,88,61,1.45,broken clouds,2022-02-05 02:01:56
433,Angoche,MZ,-16.2325,39.9086,73.62,93,100,6.13,overcast clouds,2022-02-05 02:01:57
434,Rio Grande,BR,-32.035,-52.0986,75.31,93,0,8.57,clear sky,2022-02-05 02:01:57
435,Sterling,US,39.0062,-77.4286,37.4,80,100,1.99,overcast clouds,2022-02-05 02:01:58
436,Verkhnevilyuysk,RU,63.4453,120.3167,-17.12,95,87,2.33,overcast clouds,2022-02-05 02:01:58
437,Kadiri,IN,14.1167,78.1667,67.69,37,44,2.28,scattered clouds,2022-02-05 02:01:58
438,Makubetsu,JP,45.3714,141.8211,24.8,68,100,18.34,overcast clouds,2022-02-05 02:01:59
439,Bijie,CN,27.3125,105.2942,35.55,90,100,3.0,overcast clouds,2022-02-05 02:01:59
440,Dajal,PK,29.5577,70.3762,50.97,57,0,7.92,clear sky,2022-02-05 01:57:02
441,Aden,YE,12.7794,45.0367,76.24,53,95,3.09,overcast clouds,2022-02-05 02:02:00
442,Kondinskoye,RU,59.6481,67.41,20.12,96,100,5.37,light snow,2022-02-05 01:59:21
443,Aasiaat,GL,68.7098,-52.8699,5.56,68,100,19.95,overcast clouds,2022-02-05 02:00:48
444,Cavalcante,BR,-13.7975,-47.4583,69.51,86,89,1.68,moderate rain,2022-02-05 02:02:01
445,Tomatlan,MX,19.9333,-105.25,67.93,75,4,2.06,clear sky,2022-02-05 02:02:01
446,Kiama,AU,-34.6833,150.8667,75.58,57,53,1.99,broken clouds,2022-02-05 02:02:02
447,Port Moresby,PG,-9.4431,147.1797,87.22,63,79,13.67,broken clouds,2022-02-05 02:02:02
448,Waingapu,ID,-9.6567,120.2641,85.86,67,35,13.89,scattered clouds,2022-02-05 01:57:32
449,Zhanaozen,KZ,43.3,52.8,39.15,88,100,10.92,overcast clouds,2022-02-05 02:02:02
450,Urumqi,CN,43.801,87.6005,-3.05,85,75,0.0,fog,2022-02-05 02:02:03
451,Khvoynaya,RU,58.9,34.5333,0.81,100,100,4.94,overcast clouds,2022-02-05 02:02:03
452,Rocha,UY,-34.4833,-54.3333,66.07,96,21,3.78,few clouds,2022-02-05 02:02:04
453,Brazzaville,CG,-4.2658,15.2832,71.62,94,89,1.23,light rain,2022-02-05 02:00:11
454,Muros,ES,42.7762,-9.0603,52.23,82,99,14.05,overcast clouds,2022-02-05 02:02:04
455,Saint-Raymond,CA,45.467,-73.6095,11.98,80,100,8.84,overcast clouds,2022-02-05 02:02:04
456,Talcahuano,CL,-36.7167,-73.1167,58.3,83,15,13.82,few clouds,2022-02-05 02:00:15
457,Pjanici,BA,44.9836,15.8228,39.15,87,81,4.81,broken clouds,2022-02-05 02:02:05
458,Port Lincoln,AU,-34.7333,135.8667,71.98,63,6,11.23,clear sky,2022-02-05 02:01:42
459,Okahandja,NA,-21.9833,16.9167,68.83,64,79,7.7,broken clouds,2022-02-05 02:02:06
460,Ust-Nera,RU,64.5667,143.2,-13.61,82,74,0.98,broken clouds,2022-02-05 02:02:06
461,Cape Coast,GH,5.1053,-1.2466,79.27,83,34,4.18,light rain,2022-02-05 02:02:07
462,Ilulissat,GL,69.2167,-51.1,10.42,67,75,13.8,light snow,2022-02-05 02:02:07
463,Lorengau,PG,-2.0226,147.2712,85.05,63,96,8.52,overcast clouds,2022-02-05 02:02:07
464,Novo Selo,MK,41.4139,22.8811,33.64,70,1,2.28,clear sky,2022-02-05 02:03:08
465,Grindavik,IS,63.8424,-22.4338,27.07,63,100,21.85,snow,2022-02-05 02:03:08
466,Shchelkun,RU,56.3034,60.9483,17.17,89,100,8.9,overcast clouds,2022-02-05 02:03:09
467,Bertoua,CM,4.5833,13.6833,65.08,29,11,3.04,few clouds,2022-02-05 02:03:09
468,Longyan,CN,25.1072,117.0225,50.65,79,92,2.44,overcast clouds,2022-02-05 02:03:10
469,Haapiti,PF,-17.5667,-149.8667,85.73,74,69,14.23,light rain,2022-02-05 02:03:10
470,Inhambane,MZ,-23.865,35.3833,78.15,72,98,9.6,overcast clouds,2022-02-05 02:03:10
471,Le Vauclin,MQ,14.5452,-60.8388,73.85,88,0,4.61,clear sky,2022-02-05 02:03:11
472,Port Hedland,AU,-20.3167,118.5667,93.25,55,75,19.57,broken clouds,2022-02-05 02:03:11
473,Comodoro Rivadavia,AR,-45.8667,-67.5,53.46,76,0,4.61,clear sky,2022-02-05 01:58:53
474,Vanimo,PG,-2.6741,141.3028,85.6,69,60,7.49,broken clouds,2022-02-05 02:03:12
475,Saint-Lo,FR,49.1162,-1.0903,43.99,92,72,4.61,broken clouds,2022-02-05 02:03:12
476,Shingu,JP,33.7333,135.9833,39.9,49,9,16.93,clear sky,2022-02-05 02:03:13
477,Madras,IN,13.0878,80.2785,78.78,89,75,3.44,mist,2022-02-05 02:02:47
478,Halden,NO,59.1226,11.3871,34.23,77,73,13.02,broken clouds,2022-02-05 02:03:13
479,Griffith,US,41.5284,-87.4237,19.89,82,100,3.0,overcast clouds,2022-02-05 02:03:14
480,Talara,PE,-4.5772,-81.2719,71.73,84,31,13.27,scattered clouds,2022-02-05 02:03:14
481,Belfast,GB,54.5833,-5.9333,38.37,87,40,12.66,scattered clouds,2022-02-05 02:00:13
482,Mongo,TD,12.1844,18.693,63.37,17,10,8.86,clear sky,2022-02-05 02:03:15
483,Hearst,CA,49.6835,-83.6665,-13.85,97,59,2.95,broken clouds,2022-02-05 02:03:15
484,Bargi,IN,22.9833,79.8667,52.92,38,0,3.8,clear sky,2022-02-05 02:03:16
485,Ottawa,CA,45.4112,-75.6981,9.99,74,100,1.01,overcast clouds,2022-02-05 02:01:45
486,High Level,CA,58.5169,-117.136,-2.09,84,100,5.75,light snow,2022-02-05 02:03:16
487,Graneros,CL,-34.0667,-70.7333,54.68,53,1,1.57,clear sky,2022-02-05 02:03:17
488,Mackay,AU,-21.15,149.2,84.69,69,92,20.8,overcast clouds,2022-02-05 02:01:42
489,Anloga,GH,5.7947,0.8973,79.93,82,1,8.23,clear sky,2022-02-05 02:03:17
490,Lubao,PH,14.9167,120.55,84.15,59,83,17.47,broken clouds,2022-02-05 02:03:17
491,Saint Anthony,US,45.0205,-93.218,4.6,72,21,1.99,few clouds,2022-02-05 02:00:20
492,Sao Gabriel Da Cachoeira,BR,-0.1303,-67.0892,73.31,98,100,0.87,light rain,2022-02-05 02:03:18
493,Vanavara,RU,60.34,102.2797,7.14,94,100,5.97,overcast clouds,2022-02-05 02:01:15
494,Oistins,BB,13.0667,-59.5333,77.09,69,40,12.66,scattered clouds,2022-02-05 02:03:19
495,Hofn,IS,64.2539,-15.2082,25.81,64,100,13.98,overcast clouds,2022-02-05 02:03:19
496,Yar-Sale,RU,66.8333,70.8333,1.67,99,94,5.61,overcast clouds,2022-02-05 02:03:19
497,Datong,CN,40.0936,113.2914,13.91,47,5,3.33,clear sky,2022-02-05 02:03:20
498,Kanelovskaya,RU,46.5908,39.19,29.52,92,97,9.22,overcast clouds,2022-02-05 02:03:20
499,Tingi,TZ,-11.3,35.0333,61.83,94,99,2.28,overcast clouds,2022-02-05 02:03:21
500,Japura,ID,-0.3167,102.35,78.6,86,100,1.21,moderate rain,2022-02-05 02:03:21
501,Coahuayana,MX,18.7333,-103.6833,76.48,77,5,1.9,clear sky,2022-02-05 02:03:21
502,Tuy Hoa,VN,13.0833,109.3,74.98,88,70,15.9,broken clouds,2022-02-05 02:03:22
503,Nouadhibou,MR,20.931,-17.0347,66.09,69,1,11.74,clear sky,2022-02-05 02:03:22
504,Paka,MY,4.6374,103.4368,78.55,86,80,9.84,broken clouds,2022-02-05 02:03:22
505,Komsomolskiy,UZ,40.4272,71.7189,31.42,68,100,4.61,overcast clouds,2022-02-05 02:03:23
506,Kloulklubed,PW,7.0419,134.2556,82.9,78,8,18.81,clear sky,2022-02-05 02:03:23
507,Takoradi,GH,4.8845,-1.7554,79.3,81,48,5.08,light rain,2022-02-05 02:03:24
508,Shieli,KZ,44.1667,66.75,30.47,69,100,7.81,overcast clouds,2022-02-05 02:03:24
509,Berlevag,NO,70.8578,29.0864,21.09,80,100,28.43,light snow,2022-02-05 02:03:25
510,Yei,SS,4.095,30.6779,73.72,30,97,3.44,overcast clouds,2022-02-05 02:00:22
511,Bandarbeyla,SO,9.4942,50.8122,72.12,75,0,3.4,clear sky,2022-02-05 02:04:25
512,Lesosibirsk,RU,58.2358,92.4828,22.28,95,100,8.99,light snow,2022-02-05 02:04:26
513,Te Anau,NZ,-45.4167,167.7167,63.09,40,5,4.81,clear sky,2022-02-05 02:04:26
514,Omaruru,NA,-21.4333,15.9333,69.55,61,91,4.5,overcast clouds,2022-02-05 02:04:26
515,Sangar,RU,63.9242,127.4739,-30.32,98,96,1.5,overcast clouds,2022-02-05 02:04:27
516,Cidreira,BR,-30.1811,-50.2056,73.0,91,17,4.16,few clouds,2022-02-05 02:04:27
517,Alta Floresta,BR,-9.8756,-56.0861,72.81,94,53,3.47,broken clouds,2022-02-05 02:04:27
518,Platanos,GR,37.6667,21.6167,46.08,72,3,5.08,clear sky,2022-02-05 02:04:28
519,Dongying,CN,37.4564,118.4856,28.47,30,3,10.8,clear sky,2022-02-05 02:04:28
520,Wanning,CN,18.8003,110.3967,65.5,83,100,10.98,overcast clouds,2022-02-05 02:04:28
521,Saint-Joseph,RE,-21.3667,55.6167,79.18,85,100,22.66,light rain,2022-02-05 02:04:29
522,Abu Dhabi,AE,24.4667,54.3667,64.96,87,0,1.01,clear sky,2022-02-05 02:04:07
523,Codrington,AU,-38.2667,141.9667,71.87,51,97,16.08,overcast clouds,2022-02-05 02:04:29
524,Mpulungu,ZM,-8.7623,31.1141,69.01,86,100,2.06,overcast clouds,2022-02-05 02:04:30
525,Bonnyville,CA,54.2668,-110.735,4.41,97,100,5.3,snow,2022-02-05 02:04:30
526,North Branch,US,45.5113,-92.9802,4.39,72,33,5.21,scattered clouds,2022-02-05 02:04:31
527,Haines Junction,CA,60.7522,-137.5108,1.85,99,100,1.92,overcast clouds,2022-02-05 02:04:14
528,Carbonia,IT,39.1672,8.5222,49.01,90,100,8.57,overcast clouds,2022-02-05 02:04:31
529,Laguna,US,38.421,-121.4238,59.5,55,0,0.0,clear sky,2022-02-05 02:04:32
530,Torbay,CA,47.6666,-52.7314,33.76,96,100,5.23,snow,2022-02-05 02:04:32
531,Eureka,US,40.8021,-124.1637,48.74,86,100,3.0,overcast clouds,2022-02-05 02:04:32
532,Itoman,JP,26.1247,127.6694,62.98,55,75,18.41,broken clouds,2022-02-05 02:04:33
533,Kirakira,SB,-10.4544,161.9205,84.25,75,100,6.15,overcast clouds,2022-02-05 02:04:33
534,Roxana,CR,10.2753,-83.7513,81.12,96,14,3.27,few clouds,2022-02-05 02:04:34
535,Alice Springs,AU,-23.7,133.8833,74.75,43,0,8.05,clear sky,2022-02-05 02:00:12
536,Arrecife,ES,28.963,-13.5477,66.27,77,0,10.36,clear sky,2022-02-05 02:04:34
537,Boende,CD,-0.2167,20.8667,70.18,77,100,2.55,overcast clouds,2022-02-05 02:04:35
538,Maningrida,AU,-12.0667,134.2667,87.76,61,70,8.72,broken clouds,2022-02-05 02:04:35
539,Port-Gentil,GA,-0.7193,8.7815,79.43,80,53,8.7,broken clouds,2022-02-05 02:04:35
540,Jaworzno,PL,50.2053,19.275,41.36,82,100,14.41,overcast clouds,2022-02-05 02:04:36
541,Lieksa,FI,63.3167,30.0167,18.14,82,100,19.01,overcast clouds,2022-02-05 02:04:36
542,Diffa,NE,13.3154,12.6113,61.65,40,4,11.61,clear sky,2022-02-05 02:04:37
543,Tura,IN,25.5198,90.2201,54.64,93,27,1.79,scattered clouds,2022-02-05 02:04:37
544,Bowen,AU,-20.0167,148.2333,84.92,59,94,18.84,overcast clouds,2022-02-05 02:04:37
545,Harper,LR,4.375,-7.7169,78.66,83,73,5.12,light rain,2022-02-05 02:04:38
546,Yulara,AU,-25.2406,130.9889,80.04,21,0,11.32,clear sky,2022-02-05 02:04:38
547,Dargaville,NZ,-35.9333,173.8833,83.07,50,94,11.1,overcast clouds,2022-02-05 02:04:39
548,Mayo,US,38.8876,-76.5119,37.78,83,100,7.0,light rain,2022-02-05 02:04:39
549,Mesyagutovo,RU,55.5303,58.2528,16.68,92,100,2.48,overcast clouds,2022-02-05 02:04:39
550,Ixtapa,MX,20.7,-105.2,72.63,73,75,5.75,broken clouds,2022-02-05 02:04:40
551,Goure,NE,13.9835,10.2704,55.53,21,1,10.98,clear sky,2022-02-05 02:04:40
552,Gualaquiza,EC,-3.4,-78.55,63.25,98,82,1.32,moderate rain,2022-02-05 02:04:41
553,Kargasok,RU,59.0556,80.8572,22.12,91,100,11.99,overcast clouds,2022-02-05 02:03:04
554,Saint-Francois,FR,46.4154,3.9054,42.24,87,100,12.66,overcast clouds,2022-02-05 02:04:41
555,Adre,TD,13.4667,22.2,58.32,24,6,19.8,clear sky,2022-02-05 02:04:42
556,Kilindoni,TZ,-7.9139,39.6668,74.5,92,100,14.0,heavy intensity rain,2022-02-05 02:04:42
557,Tanout,NE,14.9709,8.8879,53.4,22,0,13.76,clear sky,2022-02-05 02:04:43
558,Nogales,MX,31.3086,-110.9422,46.31,16,0,9.22,clear sky,2022-02-05 02:04:43
559,Nizhniy Odes,RU,63.6445,54.856,-9.65,100,100,1.32,overcast clouds,2022-02-05 02:05:43
560,Valparaiso,CL,-33.0393,-71.6273,62.24,88,0,4.61,clear sky,2022-02-05 02:05:44
561,Jurm,AF,36.8648,70.8342,20.39,30,0,7.58,clear sky,2022-02-05 02:05:44
562,Iberia,US,29.9502,-91.7507,39.27,75,40,11.5,scattered clouds,2022-02-05 02:05:45
563,Saavedra,PH,9.9852,123.3716,80.47,78,87,17.25,overcast clouds,2022-02-05 02:05:45
564,Inta,RU,66.0317,60.1659,2.07,98,100,5.35,overcast clouds,2022-02-05 02:05:46
565,Zhaoyuan,CN,37.3592,120.3964,28.26,39,5,17.2,clear sky,2022-02-05 02:05:46
566,Baghdad,IQ,33.3406,44.4009,51.76,66,43,8.32,scattered clouds,2022-02-05 02:02:04
567,Lokosovo,RU,61.1333,74.8167,8.08,98,100,4.92,overcast clouds,2022-02-05 02:05:47
568,El Fuerte,MX,26.4189,-108.6194,64.27,47,0,6.89,clear sky,2022-02-05 02:05:47
569,Kaniama,CD,-7.5667,24.1833,62.73,97,100,0.92,overcast clouds,2022-02-05 02:05:48
570,Pisco,PE,-13.7,-76.2167,66.25,82,0,9.22,clear sky,2022-02-05 02:05:48
571,Kon Tum,VN,14.35,108.0,70.99,72,100,7.18,overcast clouds,2022-02-05 02:05:49
572,Batagay-Alyta,RU,67.8006,130.4114,-22.54,97,71,1.63,broken clouds,2022-02-05 02:05:49
573,Lusaka,ZM,-15.4067,28.2871,62.28,99,100,3.76,light rain,2022-02-05 02:04:42
574,Kiunga,PG,-6.1219,141.2906,91.27,51,89,3.49,overcast clouds,2022-02-05 02:04:13
575,Khipro,PK,25.8285,69.3772,57.49,62,0,7.02,clear sky,2022-02-05 02:05:50
576,Aldan,RU,58.6031,125.3894,-4.36,94,100,2.73,overcast clouds,2022-02-05 02:05:50
577,Katsuura,JP,35.1333,140.3,47.19,42,96,12.48,overcast clouds,2022-02-05 02:05:50
578,Zhigansk,RU,66.7697,123.3711,-28.88,99,99,5.23,overcast clouds,2022-02-05 02:05:51
579,Buckeye,US,33.3703,-112.5838,60.58,17,0,5.75,clear sky,2022-02-05 02:05:27
580,Gavle,SE,60.6745,17.1417,32.5,92,100,8.01,overcast clouds,2022-02-05 02:05:52
581,Saurimo,AO,-9.6608,20.3916,62.69,97,99,3.58,overcast clouds,2022-02-05 02:05:52
582,Vostok,RU,46.4856,135.8833,-1.64,86,100,4.47,overcast clouds,2022-02-05 02:05:53
583,Imphal,IN,24.8167,93.95,54.03,92,100,2.08,overcast clouds,2022-02-05 02:04:46
584,Walvis Bay,NA,-22.9575,14.5053,67.08,83,95,6.58,overcast clouds,2022-02-05 02:05:53
585,Boa Esperanca,BR,-21.09,-45.5658,68.76,94,100,3.85,heavy intensity rain,2022-02-05 02:05:54
586,Lubumbashi,CD,-11.6609,27.4794,60.3,97,100,2.75,overcast clouds,2022-02-05 02:05:54
587,Iaciara,BR,-14.0958,-46.6317,72.81,87,92,1.41,moderate rain,2022-02-05 02:05:54
588,Tiarei,PF,-17.5333,-149.3333,86.02,74,26,13.91,light rain,2022-02-05 02:05:55
589,Horsham,GB,51.064,-0.3272,40.73,74,0,8.05,clear sky,2022-02-05 02:05:55
590,Bilibino,RU,68.0546,166.4372,-4.97,79,0,4.54,clear sky,2022-02-05 02:05:56
591,Santa Luzia,BR,-19.7697,-43.8514,72.5,95,100,0.83,overcast clouds,2022-02-05 02:05:14
592,Daru,PG,-9.0763,143.2092,84.96,68,100,11.34,overcast clouds,2022-02-05 02:05:56
593,Trat,TH,12.5,102.5,83.25,57,53,14.45,broken clouds,2022-02-05 02:05:56
594,Vytegra,RU,61.0064,36.4481,3.47,97,72,8.01,broken clouds,2022-02-05 02:05:57
595,Kodinar,IN,20.7903,70.7031,60.78,65,77,3.31,broken clouds,2022-02-05 02:05:57
596,Santa Fe,AR,-31.6333,-60.7,77.02,76,84,4.0,broken clouds,2022-02-05 02:05:40
597,Santa Maria,BR,-29.6842,-53.8069,73.36,89,40,2.75,scattered clouds,2022-02-05 02:04:54
598,Kang,BW,-23.6752,22.7876,68.92,72,11,9.48,few clouds,2022-02-05 02:05:58
599,Urucui,BR,-7.2294,-44.5561,76.66,80,100,2.13,overcast clouds,2022-02-05 02:05:58
600,Berkovica,BA,44.6156,18.4294,33.31,77,72,4.63,broken clouds,2022-02-05 02:05:59
601,Palmer,US,42.1584,-72.3287,29.91,86,100,3.0,overcast clouds,2022-02-05 02:01:30
602,Seymchan,RU,62.8833,152.4333,-24.86,94,31,0.67,scattered clouds,2022-02-05 02:05:59
603,Helong,CN,42.5397,128.9972,8.56,58,72,11.39,broken clouds,2022-02-05 02:05:59
604,Ojinaga,MX,29.5667,-104.4167,41.41,38,0,0.0,clear sky,2022-02-05 02:06:00
605,Nicoya,CR,10.1483,-85.452,80.15,72,15,9.37,few clouds,2022-02-05 02:06:00
606,Raga,SS,8.4596,25.678,69.46,18,79,8.37,broken clouds,2022-02-05 02:07:01
607,Kokstad,ZA,-30.5472,29.4241,58.28,99,100,1.99,light rain,2022-02-05 02:07:02
608,Sorong,ID,-0.8833,131.25,84.54,72,100,15.41,overcast clouds,2022-02-05 02:05:16
609,Miraflores,MX,19.2167,-98.8083,66.87,55,4,3.4,clear sky,2022-02-05 02:07:03
610,Dongli,CN,23.5656,116.8194,54.34,74,100,6.08,overcast clouds,2022-02-05 02:07:03
611,Luderitz,NA,-26.6481,15.1594,67.84,73,86,4.43,overcast clouds,2022-02-05 02:07:03
612,Nemuro,JP,43.3236,145.575,25.36,67,5,14.76,clear sky,2022-02-05 02:07:04
613,Concepcion Del Oro,MX,24.6333,-101.4167,43.21,53,5,8.55,clear sky,2022-02-05 02:07:04
614,Sheridan,US,44.8333,-106.9173,39.38,60,0,4.61,clear sky,2022-02-05 02:07:05
615,Leshukonskoye,RU,64.8989,45.7622,-9.92,100,99,4.03,overcast clouds,2022-02-05 02:07:05
616,Omboue,GA,-1.5746,9.2618,77.0,84,88,5.88,overcast clouds,2022-02-05 02:07:06
617,Ternate,ID,0.8,127.4,84.27,71,100,5.64,overcast clouds,2022-02-05 02:07:06
618,Nelson Bay,AU,-32.7167,152.15,76.08,60,43,4.0,scattered clouds,2022-02-05 02:07:07
619,Pangody,RU,65.85,74.4859,10.31,96,100,6.33,overcast clouds,2022-02-05 02:07:07
620,Praia,CV,14.9215,-23.5087,70.34,78,0,16.11,clear sky,2022-02-05 02:07:07
621,Pshekhskaya,RU,44.696,39.7967,30.72,93,88,10.56,overcast clouds,2022-02-05 02:07:08
622,Kutum,SD,14.2,24.6667,51.87,28,0,10.71,clear sky,2022-02-05 02:07:08
623,Sampit,ID,-2.5333,112.95,81.46,83,100,2.08,overcast clouds,2022-02-05 02:07:09
624,Tual,ID,-5.6667,132.75,83.75,78,100,17.56,overcast clouds,2022-02-05 02:07:09
625,Nuuk,GL,64.1835,-51.7216,7.41,78,75,11.5,light shower snow,2022-02-05 02:07:10
626,Winslow,US,35.0242,-110.6974,33.3,23,0,3.44,clear sky,2022-02-05 02:04:48
627,Bonavista,CA,48.6499,-53.1147,29.12,94,100,22.19,snow,2022-02-05 02:07:10
628,Svetlyy,RU,54.675,20.1347,42.85,93,100,19.64,overcast clouds,2022-02-05 02:07:10
629,Honningsvag,NO,70.9821,25.9704,20.75,79,99,29.8,overcast clouds,2022-02-05 02:07:11
630,Srikakulam,IN,18.3,83.9,67.39,58,40,8.16,scattered clouds,2022-02-05 02:07:11
631,Tahoua,NE,14.8888,5.2692,58.71,18,0,14.94,clear sky,2022-02-05 02:07:12
632,Feicheng,CN,35.2606,117.9675,32.54,20,7,4.83,clear sky,2022-02-05 02:07:12
633,Brufut,GM,13.3814,-16.7518,66.29,77,0,0.0,clear sky,2022-02-05 02:07:12
634,Usinsk,RU,65.9939,57.5281,-4.63,100,97,4.92,overcast clouds,2022-02-05 02:07:13
635,Muzhi,RU,65.3667,64.6667,2.77,85,6,7.63,clear sky,2022-02-05 02:04:16
636,Hovd,MN,48.0056,91.6419,-11.22,78,7,3.22,clear sky,2022-02-05 02:07:08
637,Sohag,EG,26.557,31.6948,47.91,60,5,7.05,clear sky,2022-02-05 02:07:13
638,Bomet,KE,-0.7813,35.3416,52.63,86,85,1.74,overcast clouds,2022-02-05 02:07:14
639,Juneau,US,58.3019,-134.4197,37.85,95,100,0.0,mist,2022-02-05 02:07:14
640,Antalaha,MG,-14.9003,50.2788,76.35,79,100,4.79,overcast clouds,2022-02-05 02:07:14
641,Barcelona,ES,41.3888,2.159,55.54,86,40,1.01,mist,2022-02-05 02:04:51
642,Hokitika,NZ,-42.7167,170.9667,62.67,79,100,6.53,overcast clouds,2022-02-05 02:07:15
643,Noshiro,JP,40.2039,140.0242,28.18,75,99,16.93,light snow,2022-02-05 02:07:16
644,Gazojak,TM,41.1875,61.4036,43.9,41,98,16.62,overcast clouds,2022-02-05 02:07:16
645,Eenhana,NA,-17.4667,16.3333,66.34,91,100,3.09,light rain,2022-02-05 02:07:17
646,Henderson,US,36.0397,-114.9819,52.9,22,0,11.5,clear sky,2022-02-05 02:06:48
647,Jiaozhou,CN,36.2839,120.0033,29.53,32,0,15.19,clear sky,2022-02-05 02:07:17
648,Tarazona,ES,41.9,-1.7333,46.99,72,100,8.3,overcast clouds,2022-02-05 02:07:17
649,Bitung,ID,1.4451,125.1824,88.65,72,100,9.42,overcast clouds,2022-02-05 02:07:18
650,Jiwani,PK,25.05,61.7417,70.14,59,0,12.62,clear sky,2022-02-05 02:07:18
651,Hamilton,US,39.1834,-84.5333,20.64,79,100,8.05,overcast clouds,2022-02-05 02:04:48
652,Nevelsk,RU,46.6733,141.8633,16.23,85,100,22.84,light snow,2022-02-05 02:07:19
653,Zyryanka,RU,65.75,150.85,-30.15,98,100,1.48,overcast clouds,2022-02-05 02:07:19
654,Turinsk,RU,58.0458,63.696,19.35,95,100,5.57,overcast clouds,2022-02-05 02:07:20
655,Benjamin Aceval,PY,-24.9667,-57.5667,77.59,86,54,5.59,very heavy rain,2022-02-05 02:08:20
656,Capao Da Canoa,BR,-29.7456,-50.0097,73.29,92,55,1.9,broken clouds,2022-02-05 02:08:21
657,Auki,SB,-8.7676,160.7034,84.4,74,100,7.74,overcast clouds,2022-02-05 02:08:21
658,Qui Nhon,VN,13.7667,109.2333,74.77,85,80,19.13,broken clouds,2022-02-05 02:08:21
659,Turukhansk,RU,65.8167,87.9833,12.6,94,100,13.27,light snow,2022-02-05 02:08:22
660,Hanna,CA,51.6334,-111.9018,26.85,84,100,4.0,overcast clouds,2022-02-05 02:08:22
661,Arcoverde,BR,-8.4189,-37.0539,69.53,82,67,6.82,broken clouds,2022-02-05 02:08:23
662,Limbang,MY,4.75,115.0,82.51,68,100,2.28,overcast clouds,2022-02-05 02:08:23
663,Hammerfest,NO,70.6634,23.6821,18.05,73,100,10.36,overcast clouds,2022-02-05 02:08:23
664,Padang,ID,-0.9492,100.3543,75.25,79,83,2.08,broken clouds,2022-02-05 02:08:24
665,Itambacuri,BR,-18.0311,-41.685,71.65,99,100,4.85,overcast clouds,2022-02-05 02:08:24
666,Ikom,NG,5.9667,8.7063,69.73,34,4,1.16,clear sky,2022-02-05 02:08:25
667,Ubinskoye,RU,55.3068,79.6802,10.83,85,100,11.01,overcast clouds,2022-02-05 02:08:25
668,Hami,CN,42.8,93.45,23.79,35,100,1.81,overcast clouds,2022-02-05 02:08:26
669,Huilong,CN,31.8111,121.655,39.97,50,20,14.72,few clouds,2022-02-05 02:08:26
670,Hualmay,PE,-11.0964,-77.6139,69.96,84,35,8.93,scattered clouds,2022-02-05 02:08:26
671,Ouadda,CF,8.0777,22.4007,72.05,19,69,8.68,broken clouds,2022-02-05 02:08:27
672,Trinidad,BO,-14.8333,-64.9,75.31,93,100,6.13,heavy intensity rain,2022-02-05 02:08:27
673,Pathein,MM,16.7833,94.7333,77.92,62,98,1.57,overcast clouds,2022-02-05 02:08:28
674,Axim,GH,4.8699,-2.2405,78.22,84,0,5.61,clear sky,2022-02-05 02:08:28
675,Mazamari,PE,-11.3258,-74.5308,70.5,95,58,1.97,broken clouds,2022-02-05 02:08:29
676,Chicama,PE,-7.8447,-79.1469,71.53,74,47,6.26,scattered clouds,2022-02-05 02:08:29
677,Chino Valley,US,34.7575,-112.4538,43.16,24,0,4.61,clear sky,2022-02-05 02:08:29
678,Bathsheba,BB,13.2167,-59.5167,77.61,69,40,12.66,scattered clouds,2022-02-05 02:08:30
679,Celestun,MX,20.8667,-90.4,74.55,88,2,16.49,clear sky,2022-02-05 02:08:30
680,Hobyo,SO,5.3505,48.5268,74.57,71,19,14.23,few clouds,2022-02-05 02:06:15
681,Kousseri,CM,12.0769,15.0306,63.43,19,61,11.92,broken clouds,2022-02-05 02:08:31
682,Coromandel,BR,-18.4733,-47.2003,67.46,91,90,2.66,overcast clouds,2022-02-05 02:08:31
683,Aksarayskiy,RU,46.7924,48.0119,33.75,90,100,15.86,overcast clouds,2022-02-05 02:08:32
684,Mizan Teferi,ET,6.9833,35.5833,66.15,67,98,1.23,overcast clouds,2022-02-05 02:08:32
685,Goderich,CA,43.7501,-81.7165,13.91,93,100,8.14,overcast clouds,2022-02-05 02:04:19
686,Boguchany,RU,58.3814,97.4531,18.77,93,100,8.5,light snow,2022-02-05 02:08:33
687,Moerai,PF,-22.4333,-151.3333,79.05,74,28,15.88,scattered clouds,2022-02-05 02:08:33
688,Totness,SR,5.8833,-56.3167,75.74,90,100,8.32,overcast clouds,2022-02-05 02:08:34
689,Kozhva,RU,65.1073,57.0459,1.98,98,100,3.62,overcast clouds,2022-02-05 02:08:34
690,Birao,CF,10.2849,22.7882,69.98,15,56,12.82,broken clouds,2022-02-05 02:08:34
691,Petropavlovka,RU,50.6114,105.3196,4.51,89,100,4.16,overcast clouds,2022-02-05 02:08:35
692,Horta,PT,38.5333,-28.6333,57.9,83,44,13.49,scattered clouds,2022-02-05 02:08:35
693,Burns Lake,CA,54.2331,-125.7533,36.23,81,100,7.18,overcast clouds,2022-02-05 02:08:36
694,Inirida,CO,3.8653,-67.9239,74.75,90,50,2.44,scattered clouds,2022-02-05 02:08:36
695,Collie,AU,-33.3667,116.15,100.38,10,1,9.93,clear sky,2022-02-05 02:08:36
696,Anaconda,US,46.1285,-112.9423,38.39,82,99,8.79,overcast clouds,2022-02-05 02:08:37
697,Vao,NC,-22.6667,167.4833,80.28,87,100,11.88,heavy intensity rain,2022-02-05 02:08:37
698,Kudat,MY,6.8837,116.8477,81.5,74,66,11.03,broken clouds,2022-02-05 02:08:38
699,Tabuleiro Do Norte,BR,-5.2467,-38.1306,78.89,74,98,7.27,overcast clouds,2022-02-05 02:08:38
700,Puno,PE,-15.8333,-70.0333,47.41,69,100,4.16,light rain,2022-02-05 02:08:38
701,Grand-Santi,GF,4.25,-54.3833,72.3,99,100,2.33,overcast clouds,2022-02-05 02:08:39
702,Arlit,NE,18.7369,7.3853,56.3,23,0,7.49,clear sky,2022-02-05 02:08:39
703,Atar,MR,20.5169,-13.0499,69.13,12,30,5.41,scattered clouds,2022-02-05 02:09:40
704,Katobu,ID,-4.9408,122.5276,86.23,62,100,5.73,overcast clouds,2022-02-05 02:09:40
705,Chapais,CA,49.7834,-74.8492,-9.67,95,100,3.71,overcast clouds,2022-02-05 02:09:40
706,Sol-Iletsk,RU,51.1631,54.9918,24.75,88,100,11.32,overcast clouds,2022-02-05 02:09:41
